"Statistic","Value"
"Skewness",0.317292179509407
"Kurtosis",2.69511117112203
