"Period","Visits","Unique_Visits","Revenue","Profit","Lbs_Sold"
"Initial",1055.21428571429,975.928571428571,608250.123,200233.407142857,18736.7285
"Pre-Promo",562.952380952381,516.809523809524,534313.517380952,159932.033333333,18440.7742857143
"Promotion",1814.35294117647,1738.82352941176,456398.848,131929.9,17112.923
"Post-Promo",856.571428571429,800.785714285714,371728.016785714,111045.821428571,14577.7938571429
