"Statistic","Value"
"Mean",17342.1100606061
"Median",17215.73
"Std Dev",6068.91344884695
"Minimum",3825.748
"Maximum",31968.976
